index,recordDate,recordTime,recordEpoch,district,locationName,nearbyPlace,longitude,latitude,elevation,direction,county,route,routeSuffix,postmilePrefix,postmile,alignment,milepost,inService,essAtmosphericPressure,essAvgWindDirection,essAvgWindSpeed,essSpotWindDirection,essSpotWindSpeed,essMaxWindGustSpeed,essMaxWindGustDir,essNumTemperatureSensors,essAirTemperature.1,essWetbulbTemp,essDewpointTemp,essMaxTemp,essMinTemp,essRelativeHumidity,essPrecipYesNo,essPrecipRate,essPrecipSituation,essPrecipitationStartTime,essPrecipitationEndTime,essPrecipitationOneHour,essPrecipitationThreeHours,essPrecipitationSixHours,essPrecipitationTwelveHours,essPrecipitation24Hours,essVisibility,essVisibilitySituation,numEssPavementSensors,essPavementSensorLocation.1,essPavementSensorLocation.2,essPavementSensorLocation.3,essPavementSensorLocation.4,essPavementSensorLocation.5,essPavementSensorLocation.6,essPavementSensorLocation.7,essPavementSensorLocation.8,essPavementType.1,essPavementType.2,essPavementType.3,essPavementType.4,essPavementType.5,essPavementType.6,essPavementType.7,essPavementType.8,essPavementSensorType.1,essPavementSensorType.2,essPavementSensorType.3,essPavementSensorType.4,essPavementSensorType.5,essPavementSensorType.6,essPavementSensorType.7,essPavementSensorType.8,essSurfaceStatus.1,essSurfaceStatus.2,essSurfaceStatus.3,essSurfaceStatus.4,essSurfaceStatus.5,essSurfaceStatus.6,essSurfaceStatus.7,essSurfaceStatus.8,essSurfaceTemperature.1,essSurfaceTemperature.2,essSurfaceTemperature.3,essSurfaceTemperature.4,essSurfaceTemperature.5,essSurfaceTemperature.6,essSurfaceTemperature.7,essSurfaceTemperature.8,essSurfaceSalinity.1,essSurfaceSalinity.2,essSurfaceSalinity.3,essSurfaceSalinity.4,essSurfaceSalinity.5,essSurfaceSalinity.6,essSurfaceSalinity.7,essSurfaceSalinity.8,essSurfaceFreezePoint.1,essSurfaceFreezePoint.2,essSurfaceFreezePoint.3,essSurfaceFreezePoint.4,essSurfaceFreezePoint.5,essSurfaceFreezePoint.6,essSurfaceFreezePoint.7,essSurfaceFreezePoint.8,essSurfaceBlackIceSignal.1,essSurfaceBlackIceSignal.2,essSurfaceBlackIceSignal.3,essSurfaceBlackIceSignal.4,essSurfaceBlackIceSignal.5,essSurfaceBlackIceSignal.6,essSurfaceBlackIceSignal.7,essSurfaceBlackIceSignal.8,essPavementSensorError.1,essPavementSensorError.2,essPavementSensorError.3,essPavementSensorError.4,essPavementSensorError.5,essPavementSensorError.6,essPavementSensorError.7,essPavementSensorError.8,essSurfaceIceOrWaterDepth.1,essSurfaceIceOrWaterDepth.2,essSurfaceIceOrWaterDepth.3,essSurfaceIceOrWaterDepth.4,essSurfaceIceOrWaterDepth.5,essSurfaceIceOrWaterDepth.6,essSurfaceIceOrWaterDepth.7,essSurfaceIceOrWaterDepth.8,essSurfaceConductivityV2.1,essSurfaceConductivityV2.2,essSurfaceConductivityV2.3,essSurfaceConductivityV2.4,essSurfaceConductivityV2.5,essSurfaceConductivityV2.6,essSurfaceConductivityV2.7,essSurfaceConductivityV2.8,numEssSubSurfaceSensors,essSubSurfaceSensorLocation.1,essSubSurfaceSensorLocation.2,essSubSurfaceSensorLocation.3,essSubSurfaceSensorLocation.4,essSubSurfaceSensorLocation.5,essSubSurfaceSensorLocation.6,essSubSurfaceSensorLocation.7,essSubSurfaceSensorLocation.8,essSubSurfaceType.1,essSubSurfaceType.2,essSubSurfaceType.3,essSubSurfaceType.4,essSubSurfaceType.5,essSubSurfaceType.6,essSubSurfaceType.7,essSubSurfaceType.8,essSubSurfaceDepth.1,essSubSurfaceDepth.2,essSubSurfaceDepth.3,essSubSurfaceDepth.4,essSubSurfaceDepth.5,essSubSurfaceDepth.6,essSubSurfaceDepth.7,essSubSurfaceDepth.8,essSubSurfaceTemperature.1,essSubSurfaceTemperature.2,essSubSurfaceTemperature.3,essSubSurfaceTemperature.4,essSubSurfaceTemperature.5,essSubSurfaceTemperature.6,essSubSurfaceTemperature.7,essSubSurfaceTemperature.8,essSubSurfaceMoisture.1,essSubSurfaceMoisture.2,essSubSurfaceMoisture.3,essSubSurfaceMoisture.4,essSubSurfaceMoisture.5,essSubSurfaceMoisture.6,essSubSurfaceMoisture.7,essSubSurfaceMoisture.8,essSubSurfaceSensorError.1,essSubSurfaceSensorError.2,essSubSurfaceSensorError.3,essSubSurfaceSensorError.4,essSubSurfaceSensorError.5,essSubSurfaceSensorError.6,essSubSurfaceSensorError.7,essSubSurfaceSensorError.8
2,2026-02-11,09:30:04,1770831004,8,"I-15 : 0.3 Mile North of SR-138",Phelan,-117.47904,34.31508,3179,South,"San Bernardino",I-15,,R,21.71,,131.08,true,"Not Reported",161,158,160,158,174,330,1,86,84,84,229,57,99,2,0,3,1770640882,0,1,9,61,170,170,49320,2,1,"8;Surf San Bernardino I-15 R21.71;;-117.47887;34.31525;3179;South;San Bernardino;I-15;;R;21.71;;","Not Reported","Not Reported","Not Reported","Not Reported","Not Reported","Not Reported","Not Reported","Not Reported","Not Reported","Not Reported","Not Reported","Not Reported","Not Reported","Not Reported","Not Reported","Not Reported","Not Reported","Not Reported","Not Reported","Not Reported","Not Reported","Not Reported","Not Reported",5,"Not Reported","Not Reported","Not Reported","Not Reported","Not Reported","Not Reported","Not Reported",113,"Not Reported","Not Reported","Not Reported","Not Reported","Not Reported","Not Reported","Not Reported",0,"Not Reported","Not Reported","Not Reported","Not Reported","Not Reported","Not Reported","Not Reported",0,"Not Reported","Not Reported","Not Reported","Not Reported","Not Reported","Not Reported","Not Reported","Not Reported","Not Reported","Not Reported","Not Reported","Not Reported","Not Reported","Not Reported","Not Reported","Not Reported","Not Reported","Not Reported","Not Reported","Not Reported","Not Reported","Not Reported","Not Reported",21284,"Not Reported","Not Reported","Not Reported","Not Reported","Not Reported","Not Reported","Not Reported","Not Reported","Not Reported","Not Reported","Not Reported","Not Reported","Not Reported","Not Reported","Not Reported","Not Reported","Not Reported","Not Reported","Not Reported","Not Reported","Not Reported","Not Reported","Not Reported","Not Reported","Not Reported","Not Reported","Not Reported","Not Reported","Not Reported","Not Reported","Not Reported","Not Reported","Not Reported","Not Reported","Not Reported","Not Reported","Not Reported","Not Reported","Not Reported","Not Reported","Not Reported","Not Reported","Not Reported","Not Reported","Not Reported","Not Reported","Not Reported","Not Reported","Not Reported","Not Reported","Not Reported","Not Reported","Not Reported","Not Reported","Not Reported","Not Reported","Not Reported","Not Reported","Not Reported","Not Reported","Not Reported","Not Reported","Not Reported","Not Reported"
4,2025-10-12,23:45:05,1760337905,8,"SR-138 : 0.15 Mile East of SR-2",Phelan,-117.57456,34.38861,4793,West,"San Bernardino",SR-138,,,6.83,,75.40,true,"Not Reported",0,36,0,43,45,0,1,95,58,58,257,84,78,2,0,3,1759947262,1759949122,0,0,0,0,0,307440,2,1,"8;Surf San Bernardino SR-138 6.83;;-117.57455;34.38859;4793;West;San Bernardino;SR-138;;;6.83;;","Not Reported","Not Reported","Not Reported","Not Reported","Not Reported","Not Reported","Not Reported","Not Reported","Not Reported","Not Reported","Not Reported","Not Reported","Not Reported","Not Reported","Not Reported","Not Reported","Not Reported","Not Reported","Not Reported","Not Reported","Not Reported","Not Reported","Not Reported",2,"Not Reported","Not Reported","Not Reported","Not Reported","Not Reported","Not Reported","Not Reported",1001,"Not Reported","Not Reported","Not Reported","Not Reported","Not Reported","Not Reported","Not Reported",65535,"Not Reported","Not Reported","Not Reported","Not Reported","Not Reported","Not Reported","Not Reported",1001,"Not Reported","Not Reported","Not Reported","Not Reported","Not Reported","Not Reported","Not Reported","Not Reported","Not Reported","Not Reported","Not Reported","Not Reported","Not Reported","Not Reported","Not Reported",2,"Not Reported","Not Reported","Not Reported","Not Reported","Not Reported","Not Reported","Not Reported",65535,"Not Reported","Not Reported","Not Reported","Not Reported","Not Reported","Not Reported","Not Reported","Not Reported","Not Reported","Not Reported","Not Reported","Not Reported","Not Reported","Not Reported","Not Reported","Not Reported","Not Reported","Not Reported","Not Reported","Not Reported","Not Reported","Not Reported","Not Reported","Not Reported","Not Reported","Not Reported","Not Reported","Not Reported","Not Reported","Not Reported","Not Reported","Not Reported","Not Reported","Not Reported","Not Reported","Not Reported","Not Reported","Not Reported","Not Reported","Not Reported","Not Reported","Not Reported","Not Reported","Not Reported","Not Reported","Not Reported","Not Reported","Not Reported","Not Reported","Not Reported","Not Reported","Not Reported","Not Reported","Not Reported","Not Reported","Not Reported","Not Reported","Not Reported","Not Reported","Not Reported","Not Reported","Not Reported","Not Reported","Not Reported"
5,2026-02-11,09:33:05,1770831185,8,"SR-2 : Wrightwood Fire Station",Wrightwood,-117.62932,34.359559,5921,West,"San Bernardino",SR-2,,,1.456,L,73.448,true,"Not Reported",277,31,341,9,37,166,1,49,24,24,175,0,84,1,0,10,1770619402,0,3,22,55,141,144,91060,2,1,"8;Surf San Bernardino SR-2 1.45;;-117.62933;34.35954;5921;West;San Bernardino;SR-2;;;1.45;;","Not Reported","Not Reported","Not Reported","Not Reported","Not Reported","Not Reported","Not Reported","Not Reported","Not Reported","Not Reported","Not Reported","Not Reported","Not Reported","Not Reported","Not Reported","Not Reported","Not Reported","Not Reported","Not Reported","Not Reported","Not Reported","Not Reported","Not Reported",5,"Not Reported","Not Reported","Not Reported","Not Reported","Not Reported","Not Reported","Not Reported",92,"Not Reported","Not Reported","Not Reported","Not Reported","Not Reported","Not Reported","Not Reported",0,"Not Reported","Not Reported","Not Reported","Not Reported","Not Reported","Not Reported","Not Reported",0,"Not Reported","Not Reported","Not Reported","Not Reported","Not Reported","Not Reported","Not Reported","Not Reported","Not Reported","Not Reported","Not Reported","Not Reported","Not Reported","Not Reported","Not Reported","Not Reported","Not Reported","Not Reported","Not Reported","Not Reported","Not Reported","Not Reported","Not Reported",37884,"Not Reported","Not Reported","Not Reported","Not Reported","Not Reported","Not Reported","Not Reported","Not Reported","Not Reported","Not Reported","Not Reported","Not Reported","Not Reported","Not Reported","Not Reported","Not Reported","Not Reported","Not Reported","Not Reported","Not Reported","Not Reported","Not Reported","Not Reported","Not Reported","Not Reported","Not Reported","Not Reported","Not Reported","Not Reported","Not Reported","Not Reported","Not Reported","Not Reported","Not Reported","Not Reported","Not Reported","Not Reported","Not Reported","Not Reported","Not Reported","Not Reported","Not Reported","Not Reported","Not Reported","Not Reported","Not Reported","Not Reported","Not Reported","Not Reported","Not Reported","Not Reported","Not Reported","Not Reported","Not Reported","Not Reported","Not Reported","Not Reported","Not Reported","Not Reported","Not Reported","Not Reported","Not Reported","Not Reported","Not Reported"
7,2026-02-11,09:30:06,1770831006,8,"I-15 : US-395",Hesperia,-117.40232,34.39757,3759,North,"San Bernardino",I-15,,,31.66,,139.19,true,"Not Reported",194,97,202,85,91,174,1,95,69,69,141,73,84,2,0,3,1770642575,1770642695,0,0,0,0,0,167850,2,2,"8;Surf San Bernardino US-395 R3.981;;-117.4013;34.39924;3753;North;San Bernardino;US-395;;R;3.981;;","8;Surf San Bernardino I-15 31.80;;-117.40143;34.3994;3753;North;San Bernardino;I-15;;;31.80;;","Not Reported","Not Reported","Not Reported","Not Reported","Not Reported","Not Reported","Not Reported","Not Reported","Not Reported","Not Reported","Not Reported","Not Reported","Not Reported","Not Reported","Not Reported","Not Reported","Not Reported","Not Reported","Not Reported","Not Reported","Not Reported","Not Reported",1,1,"Not Reported","Not Reported","Not Reported","Not Reported","Not Reported","Not Reported",1001,100,"Not Reported","Not Reported","Not Reported","Not Reported","Not Reported","Not Reported",0,0,"Not Reported","Not Reported","Not Reported","Not Reported","Not Reported","Not Reported",0,0,"Not Reported","Not Reported","Not Reported","Not Reported","Not Reported","Not Reported","Not Reported","Not Reported","Not Reported","Not Reported","Not Reported","Not Reported","Not Reported","Not Reported","Not Reported","Not Reported","Not Reported","Not Reported","Not Reported","Not Reported","Not Reported","Not Reported",0,0,"Not Reported","Not Reported","Not Reported","Not Reported","Not Reported","Not Reported","Not Reported","Not Reported","Not Reported","Not Reported","Not Reported","Not Reported","Not Reported","Not Reported","Not Reported","Not Reported","Not Reported","Not Reported","Not Reported","Not Reported","Not Reported","Not Reported","Not Reported","Not Reported","Not Reported","Not Reported","Not Reported","Not Reported","Not Reported","Not Reported","Not Reported","Not Reported","Not Reported","Not Reported","Not Reported","Not Reported","Not Reported","Not Reported","Not Reported","Not Reported","Not Reported","Not Reported","Not Reported","Not Reported","Not Reported","Not Reported","Not Reported","Not Reported","Not Reported","Not Reported","Not Reported","Not Reported","Not Reported","Not Reported","Not Reported","Not Reported","Not Reported","Not Reported","Not Reported","Not Reported","Not Reported","Not Reported","Not Reported"
8,2026-02-11,09:30:05,1770831005,8,"I-15 : Next to CMS In Baker",Baker,-116.04007,35.28784,1128,South,"San Bernardino",I-15,,,139.241,L,246.979,true,"Not Reported",315,36,321,36,45,47,1,161,28,28,244,75,41,2,0,3,1769956462,1769956882,0,0,0,0,0,334260,2,"Not Reported","Not Reported","Not Reported","Not Reported","Not Reported","Not Reported","Not Reported","Not Reported","Not Reported","Not Reported","Not Reported","Not Reported","Not Reported","Not Reported","Not Reported","Not Reported","Not Reported","Not Reported","Not Reported","Not Reported","Not Reported","Not Reported","Not Reported","Not Reported","Not Reported","Not Reported","Not Reported","Not Reported","Not Reported","Not Reported","Not Reported","Not Reported","Not Reported","Not Reported","Not Reported","Not Reported","Not Reported","Not Reported","Not Reported","Not Reported","Not Reported","Not Reported","Not Reported","Not Reported","Not Reported","Not Reported","Not Reported","Not Reported","Not Reported","Not Reported","Not Reported","Not Reported","Not Reported","Not Reported","Not Reported","Not Reported","Not Reported","Not Reported","Not Reported","Not Reported","Not Reported","Not Reported","Not Reported","Not Reported","Not Reported","Not Reported","Not Reported","Not Reported","Not Reported","Not Reported","Not Reported","Not Reported","Not Reported","Not Reported","Not Reported","Not Reported","Not Reported","Not Reported","Not Reported","Not Reported","Not Reported","Not Reported","Not Reported","Not Reported","Not Reported","Not Reported","Not Reported","Not Reported","Not Reported","Not Reported","Not Reported","Not Reported","Not Reported","Not Reported","Not Reported","Not Reported","Not Reported","Not Reported","Not Reported","Not Reported","Not Reported","Not Reported","Not Reported","Not Reported","Not Reported","Not Reported","Not Reported","Not Reported","Not Reported","Not Reported","Not Reported","Not Reported","Not Reported","Not Reported","Not Reported","Not Reported","Not Reported","Not Reported","Not Reported","Not Reported","Not Reported","Not Reported","Not Reported","Not Reported","Not Reported","Not Reported","Not Reported","Not Reported","Not Reported","Not Reported","Not Reported","Not Reported","Not Reported","Not Reported","Not Reported","Not Reported","Not Reported","Not Reported"
9,2026-02-11,09:30:02,1770831002,8,"SR-18 : SR-189 (Lake Gregory Drive)","San Bernardino",-117.25166,34.22803,5141,East,"San Bernardino",SR-18,,,20.58,,14.25,true,"Not Reported",155,75,149,74,82,343,1,46,44,44,200,39,99,1,1,11,1770631522,0,40,173,519,552,561,3320,2,1,"8;Surf San Bernardino SR-18 20.58;;-117.25163;34.22803;5141;East;San Bernardino;SR-18;;;20.58;;","Not Reported","Not Reported","Not Reported","Not Reported","Not Reported","Not Reported","Not Reported","Not Reported","Not Reported","Not Reported","Not Reported","Not Reported","Not Reported","Not Reported","Not Reported","Not Reported","Not Reported","Not Reported","Not Reported","Not Reported","Not Reported","Not Reported","Not Reported",5,"Not Reported","Not Reported","Not Reported","Not Reported","Not Reported","Not Reported","Not Reported",71,"Not Reported","Not Reported","Not Reported","Not Reported","Not Reported","Not Reported","Not Reported",0,"Not Reported","Not Reported","Not Reported","Not Reported","Not Reported","Not Reported","Not Reported",0,"Not Reported","Not Reported","Not Reported","Not Reported","Not Reported","Not Reported","Not Reported","Not Reported","Not Reported","Not Reported","Not Reported","Not Reported","Not Reported","Not Reported","Not Reported","Not Reported","Not Reported","Not Reported","Not Reported","Not Reported","Not Reported","Not Reported","Not Reported",16435,"Not Reported","Not Reported","Not Reported","Not Reported","Not Reported","Not Reported","Not Reported","Not Reported","Not Reported","Not Reported","Not Reported","Not Reported","Not Reported","Not Reported","Not Reported","Not Reported","Not Reported","Not Reported","Not Reported","Not Reported","Not Reported","Not Reported","Not Reported","Not Reported","Not Reported","Not Reported","Not Reported","Not Reported","Not Reported","Not Reported","Not Reported","Not Reported","Not Reported","Not Reported","Not Reported","Not Reported","Not Reported","Not Reported","Not Reported","Not Reported","Not Reported","Not Reported","Not Reported","Not Reported","Not Reported","Not Reported","Not Reported","Not Reported","Not Reported","Not Reported","Not Reported","Not Reported","Not Reported","Not Reported","Not Reported","Not Reported","Not Reported","Not Reported","Not Reported","Not Reported","Not Reported","Not Reported","Not Reported","Not Reported"
10,2026-02-11,09:30:05,1770831005,8,"I-40 : Barstow Maintenance Yard",Barstow,-116.99706,34.88632,2129,East,"San Bernardino",I-40,,,0.62,,1.41,true,"Not Reported",294,84,314,112,117,335,1,152,70,70,257,57,58,2,0,3,1770592462,1770592882,0,0,0,0,0,750000,2,"Not Reported","Not Reported","Not Reported","Not Reported","Not Reported","Not Reported","Not Reported","Not Reported","Not Reported","Not Reported","Not Reported","Not Reported","Not Reported","Not Reported","Not Reported","Not Reported","Not Reported","Not Reported","Not Reported","Not Reported","Not Reported","Not Reported","Not Reported","Not Reported","Not Reported","Not Reported","Not Reported","Not Reported","Not Reported","Not Reported","Not Reported","Not Reported","Not Reported","Not Reported","Not Reported","Not Reported","Not Reported","Not Reported","Not Reported","Not Reported","Not Reported","Not Reported","Not Reported","Not Reported","Not Reported","Not Reported","Not Reported","Not Reported","Not Reported","Not Reported","Not Reported","Not Reported","Not Reported","Not Reported","Not Reported","Not Reported","Not Reported","Not Reported","Not Reported","Not Reported","Not Reported","Not Reported","Not Reported","Not Reported","Not Reported","Not Reported","Not Reported","Not Reported","Not Reported","Not Reported","Not Reported","Not Reported","Not Reported","Not Reported","Not Reported","Not Reported","Not Reported","Not Reported","Not Reported","Not Reported","Not Reported","Not Reported","Not Reported","Not Reported","Not Reported","Not Reported","Not Reported","Not Reported","Not Reported","Not Reported","Not Reported","Not Reported","Not Reported","Not Reported","Not Reported","Not Reported","Not Reported","Not Reported","Not Reported","Not Reported","Not Reported","Not Reported","Not Reported","Not Reported","Not Reported","Not Reported","Not Reported","Not Reported","Not Reported","Not Reported","Not Reported","Not Reported","Not Reported","Not Reported","Not Reported","Not Reported","Not Reported","Not Reported","Not Reported","Not Reported","Not Reported","Not Reported","Not Reported","Not Reported","Not Reported","Not Reported","Not Reported","Not Reported","Not Reported","Not Reported","Not Reported","Not Reported","Not Reported","Not Reported","Not Reported","Not Reported","Not Reported","Not Reported"
11,2026-02-11,09:30:02,1770831002,8,"I-10 : Jefferson Avenue Eastbound Offramp",Indio,-116.268267,33.748129,59,East,Riverside,I-10,,R,52.558,R,138.378,true,"Not Reported",56,10,53,11,12,77,"Not Reported","Not Reported","Not Reported","Not Reported","Not Reported","Not Reported","Not Reported","Not Reported","Not Reported","Not Reported","Not Reported","Not Reported","Not Reported","Not Reported","Not Reported","Not Reported","Not Reported","Not Reported","Not Reported","Not Reported","Not Reported","Not Reported","Not Reported","Not Reported","Not Reported","Not Reported","Not Reported","Not Reported","Not Reported","Not Reported","Not Reported","Not Reported","Not Reported","Not Reported","Not Reported","Not Reported","Not Reported","Not Reported","Not Reported","Not Reported","Not Reported","Not Reported","Not Reported","Not Reported","Not Reported","Not Reported","Not Reported","Not Reported","Not Reported","Not Reported","Not Reported","Not Reported","Not Reported","Not Reported","Not Reported","Not Reported","Not Reported","Not Reported","Not Reported","Not Reported","Not Reported","Not Reported","Not Reported","Not Reported","Not Reported","Not Reported","Not Reported","Not Reported","Not Reported","Not Reported","Not Reported","Not Reported","Not Reported","Not Reported","Not Reported","Not Reported","Not Reported","Not Reported","Not Reported","Not Reported","Not Reported","Not Reported","Not Reported","Not Reported","Not Reported","Not Reported","Not Reported","Not Reported","Not Reported","Not Reported","Not Reported","Not Reported","Not Reported","Not Reported","Not Reported","Not Reported","Not Reported","Not Reported","Not Reported","Not Reported","Not Reported","Not Reported","Not Reported","Not Reported","Not Reported","Not Reported","Not Reported","Not Reported","Not Reported","Not Reported","Not Reported","Not Reported","Not Reported","Not Reported","Not Reported","Not Reported","Not Reported","Not Reported","Not Reported","Not Reported","Not Reported","Not Reported","Not Reported","Not Reported","Not Reported","Not Reported","Not Reported","Not Reported","Not Reported","Not Reported","Not Reported","Not Reported","Not Reported","Not Reported","Not Reported","Not Reported","Not Reported","Not Reported","Not Reported","Not Reported","Not Reported","Not Reported","Not Reported","Not Reported","Not Reported","Not Reported","Not Reported","Not Reported","Not Reported","Not Reported","Not Reported","Not Reported","Not Reported","Not Reported","Not Reported","Not Reported","Not Reported"
12,2023-08-20,16:00:05,1692572405,8,"I-10 : West of Haugen-Lehmann Way",Whitewater,-116.699272,33.923452,1358,East,Riverside,I-10,,R,23.97,,109.88,true,"Not Reported",0,141,0,169,169,0,1,233,214,214,425,204,89,1,2,11,1692384382,0,16,57,57,63,65,7820,2,"Not Reported","Not Reported","Not Reported","Not Reported","Not Reported","Not Reported","Not Reported","Not Reported","Not Reported","Not Reported","Not Reported","Not Reported","Not Reported","Not Reported","Not Reported","Not Reported","Not Reported","Not Reported","Not Reported","Not Reported","Not Reported","Not Reported","Not Reported","Not Reported","Not Reported","Not Reported","Not Reported","Not Reported","Not Reported","Not Reported","Not Reported","Not Reported","Not Reported","Not Reported","Not Reported","Not Reported","Not Reported","Not Reported","Not Reported","Not Reported","Not Reported","Not Reported","Not Reported","Not Reported","Not Reported","Not Reported","Not Reported","Not Reported","Not Reported","Not Reported","Not Reported","Not Reported","Not Reported","Not Reported","Not Reported","Not Reported","Not Reported","Not Reported","Not Reported","Not Reported","Not Reported","Not Reported","Not Reported","Not Reported","Not Reported","Not Reported","Not Reported","Not Reported","Not Reported","Not Reported","Not Reported","Not Reported","Not Reported","Not Reported","Not Reported","Not Reported","Not Reported","Not Reported","Not Reported","Not Reported","Not Reported","Not Reported","Not Reported","Not Reported","Not Reported","Not Reported","Not Reported","Not Reported","Not Reported","Not Reported","Not Reported","Not Reported","Not Reported","Not Reported","Not Reported","Not Reported","Not Reported","Not Reported","Not Reported","Not Reported","Not Reported","Not Reported","Not Reported","Not Reported","Not Reported","Not Reported","Not Reported","Not Reported","Not Reported","Not Reported","Not Reported","Not Reported","Not Reported","Not Reported","Not Reported","Not Reported","Not Reported","Not Reported","Not Reported","Not Reported","Not Reported","Not Reported","Not Reported","Not Reported","Not Reported","Not Reported","Not Reported","Not Reported","Not Reported","Not Reported","Not Reported","Not Reported","Not Reported","Not Reported","Not Reported","Not Reported","Not Reported","Not Reported"
13,2026-02-11,09:30:04,1770831004,8,"I-10 : East of SR-62","North Palm Springs",-116.598005,33.912895,974,East,Riverside,I-10,,,30.04,,115.86,true,"Not Reported",263,195,240,178,210,170,1,168,71,71,290,107,53,2,0,3,645775942,645776362,0,0,0,0,0,127770,2,"Not Reported","Not Reported","Not Reported","Not Reported","Not Reported","Not Reported","Not Reported","Not Reported","Not Reported","Not Reported","Not Reported","Not Reported","Not Reported","Not Reported","Not Reported","Not Reported","Not Reported","Not Reported","Not Reported","Not Reported","Not Reported","Not Reported","Not Reported","Not Reported","Not Reported","Not Reported","Not Reported","Not Reported","Not Reported","Not Reported","Not Reported","Not Reported","Not Reported","Not Reported","Not Reported","Not Reported","Not Reported","Not Reported","Not Reported","Not Reported","Not Reported","Not Reported","Not Reported","Not Reported","Not Reported","Not Reported","Not Reported","Not Reported","Not Reported","Not Reported","Not Reported","Not Reported","Not Reported","Not Reported","Not Reported","Not Reported","Not Reported","Not Reported","Not Reported","Not Reported","Not Reported","Not Reported","Not Reported","Not Reported","Not Reported","Not Reported","Not Reported","Not Reported","Not Reported","Not Reported","Not Reported","Not Reported","Not Reported","Not Reported","Not Reported","Not Reported","Not Reported","Not Reported","Not Reported","Not Reported","Not Reported","Not Reported","Not Reported","Not Reported","Not Reported","Not Reported","Not Reported","Not Reported","Not Reported","Not Reported","Not Reported","Not Reported","Not Reported","Not Reported","Not Reported","Not Reported","Not Reported","Not Reported","Not Reported","Not Reported","Not Reported","Not Reported","Not Reported","Not Reported","Not Reported","Not Reported","Not Reported","Not Reported","Not Reported","Not Reported","Not Reported","Not Reported","Not Reported","Not Reported","Not Reported","Not Reported","Not Reported","Not Reported","Not Reported","Not Reported","Not Reported","Not Reported","Not Reported","Not Reported","Not Reported","Not Reported","Not Reported","Not Reported","Not Reported","Not Reported","Not Reported","Not Reported","Not Reported","Not Reported","Not Reported","Not Reported","Not Reported","Not Reported"
15,2026-02-11,09:30:06,1770831006,8,"I-10 : West of Date Palm Drive","Cathedral City",-116.462433,33.851363,406,East,Riverside,I-10,,,39.21,,125.03,true,"Not Reported",0,34,0,32,37,0,1,198,75,75,302,126,45,2,0,3,1742694682,1742695102,0,0,0,0,0,249850,2,"Not Reported","Not Reported","Not Reported","Not Reported","Not Reported","Not Reported","Not Reported","Not Reported","Not Reported","Not Reported","Not Reported","Not Reported","Not Reported","Not Reported","Not Reported","Not Reported","Not Reported","Not Reported","Not Reported","Not Reported","Not Reported","Not Reported","Not Reported","Not Reported","Not Reported","Not Reported","Not Reported","Not Reported","Not Reported","Not Reported","Not Reported","Not Reported","Not Reported","Not Reported","Not Reported","Not Reported","Not Reported","Not Reported","Not Reported","Not Reported","Not Reported","Not Reported","Not Reported","Not Reported","Not Reported","Not Reported","Not Reported","Not Reported","Not Reported","Not Reported","Not Reported","Not Reported","Not Reported","Not Reported","Not Reported","Not Reported","Not Reported","Not Reported","Not Reported","Not Reported","Not Reported","Not Reported","Not Reported","Not Reported","Not Reported","Not Reported","Not Reported","Not Reported","Not Reported","Not Reported","Not Reported","Not Reported","Not Reported","Not Reported","Not Reported","Not Reported","Not Reported","Not Reported","Not Reported","Not Reported","Not Reported","Not Reported","Not Reported","Not Reported","Not Reported","Not Reported","Not Reported","Not Reported","Not Reported","Not Reported","Not Reported","Not Reported","Not Reported","Not Reported","Not Reported","Not Reported","Not Reported","Not Reported","Not Reported","Not Reported","Not Reported","Not Reported","Not Reported","Not Reported","Not Reported","Not Reported","Not Reported","Not Reported","Not Reported","Not Reported","Not Reported","Not Reported","Not Reported","Not Reported","Not Reported","Not Reported","Not Reported","Not Reported","Not Reported","Not Reported","Not Reported","Not Reported","Not Reported","Not Reported","Not Reported","Not Reported","Not Reported","Not Reported","Not Reported","Not Reported","Not Reported","Not Reported","Not Reported","Not Reported","Not Reported","Not Reported","Not Reported","Not Reported"
16,2025-09-17,12:45:04,1758138304,8,"I-10 : East of Bob Hope Drive","Thousand Palms",-116.399495,33.813289,223,West,Riverside,I-10,,,43.69,,129.51,true,"Not Reported",135,47,144,40,55,6,1,0,1001,1001,0,0,0,2,0,3,0,0,0,0,0,0,0,0,2,"Not Reported","Not Reported","Not Reported","Not Reported","Not Reported","Not Reported","Not Reported","Not Reported","Not Reported","Not Reported","Not Reported","Not Reported","Not Reported","Not Reported","Not Reported","Not Reported","Not Reported","Not Reported","Not Reported","Not Reported","Not Reported","Not Reported","Not Reported","Not Reported","Not Reported","Not Reported","Not Reported","Not Reported","Not Reported","Not Reported","Not Reported","Not Reported","Not Reported","Not Reported","Not Reported","Not Reported","Not Reported","Not Reported","Not Reported","Not Reported","Not Reported","Not Reported","Not Reported","Not Reported","Not Reported","Not Reported","Not Reported","Not Reported","Not Reported","Not Reported","Not Reported","Not Reported","Not Reported","Not Reported","Not Reported","Not Reported","Not Reported","Not Reported","Not Reported","Not Reported","Not Reported","Not Reported","Not Reported","Not Reported","Not Reported","Not Reported","Not Reported","Not Reported","Not Reported","Not Reported","Not Reported","Not Reported","Not Reported","Not Reported","Not Reported","Not Reported","Not Reported","Not Reported","Not Reported","Not Reported","Not Reported","Not Reported","Not Reported","Not Reported","Not Reported","Not Reported","Not Reported","Not Reported","Not Reported","Not Reported","Not Reported","Not Reported","Not Reported","Not Reported","Not Reported","Not Reported","Not Reported","Not Reported","Not Reported","Not Reported","Not Reported","Not Reported","Not Reported","Not Reported","Not Reported","Not Reported","Not Reported","Not Reported","Not Reported","Not Reported","Not Reported","Not Reported","Not Reported","Not Reported","Not Reported","Not Reported","Not Reported","Not Reported","Not Reported","Not Reported","Not Reported","Not Reported","Not Reported","Not Reported","Not Reported","Not Reported","Not Reported","Not Reported","Not Reported","Not Reported","Not Reported","Not Reported","Not Reported","Not Reported","Not Reported","Not Reported","Not Reported","Not Reported"
17,2026-02-11,09:33:04,1770831184,8,"I-10 : East of Dillon Road",Coachella,-116.164406,33.714352,0,West,Riverside,I-10,,R,59.40,,145.22,true,"Not Reported",155,42,171,36,57,346,1,195,66,66,319,92,43,2,0,3,1770511402,1770511822,0,0,0,0,0,280430,2,"Not Reported","Not Reported","Not Reported","Not Reported","Not Reported","Not Reported","Not Reported","Not Reported","Not Reported","Not Reported","Not Reported","Not Reported","Not Reported","Not Reported","Not Reported","Not Reported","Not Reported","Not Reported","Not Reported","Not Reported","Not Reported","Not Reported","Not Reported","Not Reported","Not Reported","Not Reported","Not Reported","Not Reported","Not Reported","Not Reported","Not Reported","Not Reported","Not Reported","Not Reported","Not Reported","Not Reported","Not Reported","Not Reported","Not Reported","Not Reported","Not Reported","Not Reported","Not Reported","Not Reported","Not Reported","Not Reported","Not Reported","Not Reported","Not Reported","Not Reported","Not Reported","Not Reported","Not Reported","Not Reported","Not Reported","Not Reported","Not Reported","Not Reported","Not Reported","Not Reported","Not Reported","Not Reported","Not Reported","Not Reported","Not Reported","Not Reported","Not Reported","Not Reported","Not Reported","Not Reported","Not Reported","Not Reported","Not Reported","Not Reported","Not Reported","Not Reported","Not Reported","Not Reported","Not Reported","Not Reported","Not Reported","Not Reported","Not Reported","Not Reported","Not Reported","Not Reported","Not Reported","Not Reported","Not Reported","Not Reported","Not Reported","Not Reported","Not Reported","Not Reported","Not Reported","Not Reported","Not Reported","Not Reported","Not Reported","Not Reported","Not Reported","Not Reported","Not Reported","Not Reported","Not Reported","Not Reported","Not Reported","Not Reported","Not Reported","Not Reported","Not Reported","Not Reported","Not Reported","Not Reported","Not Reported","Not Reported","Not Reported","Not Reported","Not Reported","Not Reported","Not Reported","Not Reported","Not Reported","Not Reported","Not Reported","Not Reported","Not Reported","Not Reported","Not Reported","Not Reported","Not Reported","Not Reported","Not Reported","Not Reported","Not Reported","Not Reported","Not Reported","Not Reported"
18,2026-02-11,09:30:05,1770831005,8,"I-10 : Next to CMS in Blythe",Blythe,-114.55021,33.60808,269,West,Riverside,I-10,,R,155.36,,240.46,true,"Not Reported",223,124,224,138,138,81,1,207,90,90,301,62,47,2,0,3,1770579682,1770580102,0,0,0,0,0,430170,2,"Not Reported","Not Reported","Not Reported","Not Reported","Not Reported","Not Reported","Not Reported","Not Reported","Not Reported","Not Reported","Not Reported","Not Reported","Not Reported","Not Reported","Not Reported","Not Reported","Not Reported","Not Reported","Not Reported","Not Reported","Not Reported","Not Reported","Not Reported","Not Reported","Not Reported","Not Reported","Not Reported","Not Reported","Not Reported","Not Reported","Not Reported","Not Reported","Not Reported","Not Reported","Not Reported","Not Reported","Not Reported","Not Reported","Not Reported","Not Reported","Not Reported","Not Reported","Not Reported","Not Reported","Not Reported","Not Reported","Not Reported","Not Reported","Not Reported","Not Reported","Not Reported","Not Reported","Not Reported","Not Reported","Not Reported","Not Reported","Not Reported","Not Reported","Not Reported","Not Reported","Not Reported","Not Reported","Not Reported","Not Reported","Not Reported","Not Reported","Not Reported","Not Reported","Not Reported","Not Reported","Not Reported","Not Reported","Not Reported","Not Reported","Not Reported","Not Reported","Not Reported","Not Reported","Not Reported","Not Reported","Not Reported","Not Reported","Not Reported","Not Reported","Not Reported","Not Reported","Not Reported","Not Reported","Not Reported","Not Reported","Not Reported","Not Reported","Not Reported","Not Reported","Not Reported","Not Reported","Not Reported","Not Reported","Not Reported","Not Reported","Not Reported","Not Reported","Not Reported","Not Reported","Not Reported","Not Reported","Not Reported","Not Reported","Not Reported","Not Reported","Not Reported","Not Reported","Not Reported","Not Reported","Not Reported","Not Reported","Not Reported","Not Reported","Not Reported","Not Reported","Not Reported","Not Reported","Not Reported","Not Reported","Not Reported","Not Reported","Not Reported","Not Reported","Not Reported","Not Reported","Not Reported","Not Reported","Not Reported","Not Reported","Not Reported","Not Reported","Not Reported","Not Reported"
19,2026-02-11,09:30:02,1770831002,8,"I-15 : Jurupa Avenue",Ontario,-117.55053,34.04791,908,South,"San Bernardino",I-15,,,1.00,,107.77,true,65535,153,39,150,42,48,131,1,127,120,120,295,114,96,1,65535,9,1139644980,0,65535,65535,65535,65535,65535,750000,2,"Not Reported","Not Reported","Not Reported","Not Reported","Not Reported","Not Reported","Not Reported","Not Reported","Not Reported","Not Reported","Not Reported","Not Reported","Not Reported","Not Reported","Not Reported","Not Reported","Not Reported","Not Reported","Not Reported","Not Reported","Not Reported","Not Reported","Not Reported","Not Reported","Not Reported","Not Reported","Not Reported","Not Reported","Not Reported","Not Reported","Not Reported","Not Reported","Not Reported","Not Reported","Not Reported","Not Reported","Not Reported","Not Reported","Not Reported","Not Reported","Not Reported","Not Reported","Not Reported","Not Reported","Not Reported","Not Reported","Not Reported","Not Reported","Not Reported","Not Reported","Not Reported","Not Reported","Not Reported","Not Reported","Not Reported","Not Reported","Not Reported","Not Reported","Not Reported","Not Reported","Not Reported","Not Reported","Not Reported","Not Reported","Not Reported","Not Reported","Not Reported","Not Reported","Not Reported","Not Reported","Not Reported","Not Reported","Not Reported","Not Reported","Not Reported","Not Reported","Not Reported","Not Reported","Not Reported","Not Reported","Not Reported","Not Reported","Not Reported","Not Reported","Not Reported","Not Reported","Not Reported","Not Reported","Not Reported","Not Reported","Not Reported","Not Reported","Not Reported","Not Reported","Not Reported","Not Reported","Not Reported","Not Reported","Not Reported","Not Reported","Not Reported","Not Reported","Not Reported","Not Reported","Not Reported","Not Reported","Not Reported","Not Reported","Not Reported","Not Reported","Not Reported","Not Reported","Not Reported","Not Reported","Not Reported","Not Reported","Not Reported","Not Reported","Not Reported","Not Reported","Not Reported","Not Reported","Not Reported","Not Reported","Not Reported","Not Reported","Not Reported","Not Reported","Not Reported","Not Reported","Not Reported","Not Reported","Not Reported","Not Reported","Not Reported","Not Reported","Not Reported","Not Reported"
20,2026-02-11,09:30:02,1770831002,8,"I-15 : 0.3 Miles North of Duncan Canyon",Fontana,-117.45378,34.17046,1827,North,"San Bernardino",I-15,,,11.60,,118.37,true,65535,168,69,172,70,70,113,1,108,42,42,271,93,64,1,0,10,1139644440,0,1,6,17,28,28,33510,2,"Not Reported","Not Reported","Not Reported","Not Reported","Not Reported","Not Reported","Not Reported","Not Reported","Not Reported","Not Reported","Not Reported","Not Reported","Not Reported","Not Reported","Not Reported","Not Reported","Not Reported","Not Reported","Not Reported","Not Reported","Not Reported","Not Reported","Not Reported","Not Reported","Not Reported","Not Reported","Not Reported","Not Reported","Not Reported","Not Reported","Not Reported","Not Reported","Not Reported","Not Reported","Not Reported","Not Reported","Not Reported","Not Reported","Not Reported","Not Reported","Not Reported","Not Reported","Not Reported","Not Reported","Not Reported","Not Reported","Not Reported","Not Reported","Not Reported","Not Reported","Not Reported","Not Reported","Not Reported","Not Reported","Not Reported","Not Reported","Not Reported","Not Reported","Not Reported","Not Reported","Not Reported","Not Reported","Not Reported","Not Reported","Not Reported","Not Reported","Not Reported","Not Reported","Not Reported","Not Reported","Not Reported","Not Reported","Not Reported","Not Reported","Not Reported","Not Reported","Not Reported","Not Reported","Not Reported","Not Reported","Not Reported","Not Reported","Not Reported","Not Reported","Not Reported","Not Reported","Not Reported","Not Reported","Not Reported","Not Reported","Not Reported","Not Reported","Not Reported","Not Reported","Not Reported","Not Reported","Not Reported","Not Reported","Not Reported","Not Reported","Not Reported","Not Reported","Not Reported","Not Reported","Not Reported","Not Reported","Not Reported","Not Reported","Not Reported","Not Reported","Not Reported","Not Reported","Not Reported","Not Reported","Not Reported","Not Reported","Not Reported","Not Reported","Not Reported","Not Reported","Not Reported","Not Reported","Not Reported","Not Reported","Not Reported","Not Reported","Not Reported","Not Reported","Not Reported","Not Reported","Not Reported","Not Reported","Not Reported","Not Reported","Not Reported","Not Reported","Not Reported","Not Reported"
21,2026-02-11,09:30:02,1770831002,8,"I-15 : 0.25 Mile South of Glenn Helen Parkway","San Bernardino",-117.41219,34.211,2076,North,"San Bernardino",I-15,,,15.39,,122.16,true,65535,154,72,164,82,86,277,1,100,97,97,273,94,98,2,0,3,1770470242,0,0,1,10,16,16,72950,2,"Not Reported","Not Reported","Not Reported","Not Reported","Not Reported","Not Reported","Not Reported","Not Reported","Not Reported","Not Reported","Not Reported","Not Reported","Not Reported","Not Reported","Not Reported","Not Reported","Not Reported","Not Reported","Not Reported","Not Reported","Not Reported","Not Reported","Not Reported","Not Reported","Not Reported","Not Reported","Not Reported","Not Reported","Not Reported","Not Reported","Not Reported","Not Reported","Not Reported","Not Reported","Not Reported","Not Reported","Not Reported","Not Reported","Not Reported","Not Reported","Not Reported","Not Reported","Not Reported","Not Reported","Not Reported","Not Reported","Not Reported","Not Reported","Not Reported","Not Reported","Not Reported","Not Reported","Not Reported","Not Reported","Not Reported","Not Reported","Not Reported","Not Reported","Not Reported","Not Reported","Not Reported","Not Reported","Not Reported","Not Reported","Not Reported","Not Reported","Not Reported","Not Reported","Not Reported","Not Reported","Not Reported","Not Reported","Not Reported","Not Reported","Not Reported","Not Reported","Not Reported","Not Reported","Not Reported","Not Reported","Not Reported","Not Reported","Not Reported","Not Reported","Not Reported","Not Reported","Not Reported","Not Reported","Not Reported","Not Reported","Not Reported","Not Reported","Not Reported","Not Reported","Not Reported","Not Reported","Not Reported","Not Reported","Not Reported","Not Reported","Not Reported","Not Reported","Not Reported","Not Reported","Not Reported","Not Reported","Not Reported","Not Reported","Not Reported","Not Reported","Not Reported","Not Reported","Not Reported","Not Reported","Not Reported","Not Reported","Not Reported","Not Reported","Not Reported","Not Reported","Not Reported","Not Reported","Not Reported","Not Reported","Not Reported","Not Reported","Not Reported","Not Reported","Not Reported","Not Reported","Not Reported","Not Reported","Not Reported","Not Reported","Not Reported","Not Reported","Not Reported","Not Reported"
22,2025-10-09,11:15:07,1760033707,8,"I-15 : Desert Oasis Rest Stop","Not Reported",-116.52197,34.80024,1807,East,"San Bernardino",I-40,,R,28.48,,29.27,true,65535,293,9,269,8,22,235,0,274,78,78,338,113,29,2,0,3,1759756162,1759756582,0,0,0,0,0,234100,2,"Not Reported","Not Reported","Not Reported","Not Reported","Not Reported","Not Reported","Not Reported","Not Reported","Not Reported","Not Reported","Not Reported","Not Reported","Not Reported","Not Reported","Not Reported","Not Reported","Not Reported","Not Reported","Not Reported","Not Reported","Not Reported","Not Reported","Not Reported","Not Reported","Not Reported","Not Reported","Not Reported","Not Reported","Not Reported","Not Reported","Not Reported","Not Reported","Not Reported","Not Reported","Not Reported","Not Reported","Not Reported","Not Reported","Not Reported","Not Reported","Not Reported","Not Reported","Not Reported","Not Reported","Not Reported","Not Reported","Not Reported","Not Reported","Not Reported","Not Reported","Not Reported","Not Reported","Not Reported","Not Reported","Not Reported","Not Reported","Not Reported","Not Reported","Not Reported","Not Reported","Not Reported","Not Reported","Not Reported","Not Reported","Not Reported","Not Reported","Not Reported","Not Reported","Not Reported","Not Reported","Not Reported","Not Reported","Not Reported","Not Reported","Not Reported","Not Reported","Not Reported","Not Reported","Not Reported","Not Reported","Not Reported","Not Reported","Not Reported","Not Reported","Not Reported","Not Reported","Not Reported","Not Reported","Not Reported","Not Reported","Not Reported","Not Reported","Not Reported","Not Reported","Not Reported","Not Reported","Not Reported","Not Reported","Not Reported","Not Reported","Not Reported","Not Reported","Not Reported","Not Reported","Not Reported","Not Reported","Not Reported","Not Reported","Not Reported","Not Reported","Not Reported","Not Reported","Not Reported","Not Reported","Not Reported","Not Reported","Not Reported","Not Reported","Not Reported","Not Reported","Not Reported","Not Reported","Not Reported","Not Reported","Not Reported","Not Reported","Not Reported","Not Reported","Not Reported","Not Reported","Not Reported","Not Reported","Not Reported","Not Reported","Not Reported","Not Reported","Not Reported","Not Reported"
23,2026-02-11,09:30:05,1770831005,8,"SBD-15- 2.5 miles north of 15/215 interchange",Devore,-117.450058,34.260282,2906,South,"San Bernardino",I-15,,R,17.242,,126.585,true,65535,361,65535,361,65535,65535,361,"Not Reported",1001,1001,1001,1001,1001,101,3,65535,2,0,0,65535,65535,65535,65535,65535,1000001,2,0,"8;Surf San Bernardino I-15 R17.246;;-117.450163;34.2602344;2906;South;San Bernardino;I-15;;R;17.246;;","Not Reported","Not Reported","Not Reported","Not Reported","Not Reported","Not Reported","Not Reported","Not Reported","Not Reported","Not Reported","Not Reported","Not Reported","Not Reported","Not Reported","Not Reported","Not Reported","Not Reported","Not Reported","Not Reported","Not Reported","Not Reported","Not Reported","Not Reported",2,"Not Reported","Not Reported","Not Reported","Not Reported","Not Reported","Not Reported","Not Reported",1001,"Not Reported","Not Reported","Not Reported","Not Reported","Not Reported","Not Reported","Not Reported",65535,"Not Reported","Not Reported","Not Reported","Not Reported","Not Reported","Not Reported","Not Reported",1001,"Not Reported","Not Reported","Not Reported","Not Reported","Not Reported","Not Reported","Not Reported","Not Reported","Not Reported","Not Reported","Not Reported","Not Reported","Not Reported","Not Reported","Not Reported","Not Reported","Not Reported","Not Reported","Not Reported","Not Reported","Not Reported","Not Reported","Not Reported",65535,"Not Reported","Not Reported","Not Reported","Not Reported","Not Reported","Not Reported","Not Reported","Not Reported","Not Reported","Not Reported","Not Reported","Not Reported","Not Reported","Not Reported","Not Reported","Not Reported","Not Reported","Not Reported","Not Reported","Not Reported","Not Reported","Not Reported","Not Reported","Not Reported","Not Reported","Not Reported","Not Reported","Not Reported","Not Reported","Not Reported","Not Reported","Not Reported","Not Reported","Not Reported","Not Reported","Not Reported","Not Reported","Not Reported","Not Reported","Not Reported","Not Reported","Not Reported","Not Reported","Not Reported","Not Reported","Not Reported","Not Reported","Not Reported","Not Reported","Not Reported","Not Reported","Not Reported","Not Reported","Not Reported","Not Reported","Not Reported","Not Reported","Not Reported","Not Reported","Not Reported","Not Reported","Not Reported","Not Reported","Not Reported"
